{
  "winner": "generated",
  "epsilon": 0.10000000000000009,
  "epsilons": [
    0.10000000000000009
  ],
  "statements": [
    "To rebuild public trust in institutions, leaders should commit to transparent decision-making, consistent accountability, and meaningful public engagement while protecting facts and due process. By combining independent oversight and clear communication with opportunities for citizen input and measurable performance targets, institutions can balance expertise and responsiveness to diverse community concerns."
  ],
  "is_new": true,
  "n_generations": 1,
  "insertion_positions": [
    86,
    75,
    90,
    22,
    12,
    87,
    87,
    61,
    100,
    27,
    51,
    27,
    86,
    35,
    17,
    38,
    43,
    62,
    72,
    30,
    46,
    47,
    47,
    20,
    80,
    59,
    30,
    61,
    78,
    100,
    63,
    5,
    29,
    31,
    55,
    69,
    11,
    73,
    35,
    78,
    62,
    40,
    27,
    59,
    28,
    69,
    31,
    37,
    21,
    38,
    63,
    23,
    32,
    27,
    47,
    81,
    81,
    39,
    15,
    68,
    77,
    59,
    86,
    64,
    6,
    80,
    60,
    7,
    15,
    74,
    75,
    21,
    80,
    8,
    83,
    19,
    69,
    17,
    64,
    49,
    18,
    61,
    87,
    76,
    21,
    72,
    67,
    70,
    80,
    85,
    39,
    59,
    5,
    67,
    86,
    34,
    75,
    40,
    6,
    76
  ]
}