{
  "winner": "generated",
  "epsilon": 0.1499999999999999,
  "epsilons": [
    0.1499999999999999
  ],
  "statements": [
    "To increase the public\u2019s trust in institutions, leaders should commit to transparency, consistent accountability, and meaningful community engagement while protecting impartial expertise and lawful oversight. By combining clearer communication of decisions and outcomes with accessible avenues for public input and independent review, institutions can both demonstrate competence and responsiveness to diverse concerns, building confidence across political and social lines."
  ],
  "is_new": true,
  "n_generations": 1,
  "insertion_positions": [
    100,
    68,
    59,
    12,
    12,
    99,
    48,
    63,
    28,
    98,
    88,
    78,
    70,
    87,
    7,
    75,
    22,
    91,
    68,
    79,
    100,
    15,
    33,
    54,
    33,
    35,
    74,
    83,
    38,
    9,
    17,
    74,
    74,
    64,
    6,
    27,
    67,
    23,
    90,
    43,
    27,
    32,
    100,
    16,
    86,
    64,
    67,
    22,
    40,
    12,
    77,
    66,
    7,
    81,
    74,
    29,
    11,
    6,
    100,
    78,
    86,
    30,
    68,
    91,
    33,
    79,
    5,
    86,
    79,
    90,
    88,
    60,
    49,
    60,
    20,
    77,
    95,
    74,
    43,
    16,
    77,
    89,
    100,
    89,
    34,
    87,
    65,
    28,
    78,
    22,
    60,
    16,
    96,
    24,
    5,
    52,
    49,
    40,
    70,
    72
  ]
}