{
  "winner": "generated",
  "epsilon": 0.15999999999999992,
  "epsilons": [
    0.15999999999999992
  ],
  "statements": [
    "Policing should prioritize both public safety and the protection of civil rights by combining clear, enforceable standards of accountability with community-centered practices that build trust. This approach recognizes the need for effective crime prevention and rapid response while ensuring transparency, bias-reduction training, independent oversight, and meaningful community input to protect individual liberties and promote equitable treatment for all."
  ],
  "is_new": true,
  "n_generations": 1,
  "insertion_positions": [
    57,
    40,
    75,
    49,
    76,
    100,
    44,
    52,
    50,
    48,
    46,
    13,
    58,
    50,
    13,
    62,
    38,
    35,
    57,
    39,
    32,
    50,
    26,
    54,
    65,
    27,
    61,
    37,
    51,
    49,
    34,
    70,
    65,
    60,
    58,
    48,
    26,
    56,
    90,
    41,
    62,
    68,
    49,
    88,
    25,
    21,
    41,
    63,
    82,
    4,
    23,
    43,
    26,
    50,
    27,
    76,
    34,
    88,
    28,
    67,
    56,
    78,
    41,
    88,
    75,
    69,
    58,
    38,
    99,
    46,
    33,
    36,
    62,
    15,
    65,
    51,
    4,
    89,
    100,
    70,
    46,
    75,
    39,
    30,
    34,
    22,
    59,
    30,
    43,
    62,
    90,
    74,
    78,
    24,
    63,
    39,
    48,
    82,
    60,
    39
  ]
}