{
  "winner": "generated",
  "epsilon": 0.07000000000000006,
  "epsilons": [
    0.07000000000000006
  ],
  "statements": [
    "Sustainable progress requires balancing strong environmental safeguards with policies that support economic opportunity, so we should pursue growth strategies that minimize harm to ecosystems while creating jobs and innovation. By investing in clean technologies, efficient resource use, and fair transition supports for affected workers and communities, we can protect natural capital and public health without sacrificing prosperity."
  ],
  "is_new": true,
  "n_generations": 1,
  "insertion_positions": [
    41,
    28,
    91,
    69,
    7,
    29,
    91,
    13,
    45,
    19,
    77,
    77,
    70,
    64,
    54,
    6,
    9,
    63,
    43,
    31,
    24,
    80,
    64,
    1,
    38,
    18,
    71,
    46,
    46,
    62,
    32,
    6,
    31,
    71,
    79,
    42,
    89,
    42,
    71,
    80,
    71,
    54,
    69,
    40,
    71,
    38,
    30,
    32,
    89,
    9,
    42,
    6,
    68,
    60,
    44,
    45,
    34,
    83,
    33,
    2,
    57,
    32,
    47,
    46,
    80,
    80,
    58,
    70,
    74,
    41,
    23,
    43,
    90,
    39,
    9,
    89,
    82,
    34,
    25,
    89,
    26,
    50,
    41,
    95,
    54,
    13,
    null,
    43,
    35,
    53,
    89,
    19,
    15,
    18,
    74,
    55,
    20,
    64,
    71,
    78
  ]
}