{
  "topic": "environment",
  "n_voters": 10,
  "n_iterations": 10,
  "total_tasks": 100,
  "successful_tasks": 100,
  "failed_tasks": 0,
  "elapsed_time": 193.1431906223297,
  "timestamp": "2026-01-31T00:38:02.546366"
}