{
  "winner": "generated",
  "epsilon": 0.040000000000000036,
  "epsilons": [
    0.040000000000000036
  ],
  "statements": [
    "We should pursue an integrated approach that protects critical ecosystems and public health while enabling sustainable economic opportunity, recognizing that long-term prosperity depends on a healthy environment. This means prioritizing cost-effective, science-based protections and targeted investments in clean technologies, workforce transition, and resilient infrastructure so communities and businesses can thrive without degrading the natural systems they rely on."
  ],
  "is_new": true,
  "n_generations": 1,
  "insertion_positions": [
    23,
    23,
    28,
    43,
    99,
    14,
    4,
    12,
    11,
    26,
    28,
    28,
    51,
    22,
    99,
    28,
    23,
    34,
    6,
    78,
    21,
    13,
    81,
    1,
    56,
    100,
    28,
    43,
    25,
    49,
    90,
    7,
    25,
    53,
    12,
    19,
    26,
    88,
    35,
    20,
    17,
    33,
    5,
    25,
    12,
    19,
    28,
    30,
    44,
    68,
    30,
    10,
    79,
    12,
    27,
    90,
    90,
    43,
    78,
    61,
    7,
    19,
    99,
    27,
    19,
    72,
    16,
    46,
    19,
    6,
    15,
    53,
    80,
    15,
    40,
    48,
    17,
    15,
    20,
    25,
    21,
    100,
    26,
    0,
    20,
    50,
    3,
    28,
    16,
    11,
    90,
    20,
    33,
    31,
    48,
    31,
    22,
    85,
    27,
    91
  ]
}