{
  "winner": "generated",
  "epsilon": 0.10000000000000009,
  "epsilons": [
    0.10000000000000009
  ],
  "statements": [
    "Policing should prioritize public safety while steadfastly protecting civil rights by using transparent, accountable practices that minimize harm and build community trust. This includes evidence-based crime prevention, clear limits on use of force, independent oversight, and meaningful community input so that officers can effectively protect people without eroding liberties or trust."
  ],
  "is_new": true,
  "n_generations": 1,
  "insertion_positions": [
    79,
    66,
    89,
    14,
    79,
    90,
    18,
    13,
    38,
    14,
    14,
    64,
    28,
    88,
    72,
    70,
    36,
    82,
    11,
    35,
    99,
    27,
    96,
    87,
    18,
    39,
    60,
    6,
    6,
    42,
    32,
    7,
    72,
    90,
    80,
    8,
    100,
    82,
    14,
    15,
    8,
    38,
    39,
    100,
    5,
    42,
    6,
    57,
    76,
    51,
    33,
    29,
    61,
    98,
    77,
    27,
    98,
    98,
    43,
    60,
    25,
    22,
    38,
    100,
    25,
    18,
    28,
    23,
    22,
    20,
    78,
    67,
    39,
    63,
    80,
    25,
    23,
    83,
    7,
    79,
    27,
    40,
    9,
    97,
    81,
    34,
    99,
    89,
    33,
    37,
    30,
    32,
    99,
    81,
    98,
    82,
    65,
    99,
    22,
    100
  ]
}