{
  "approach": "A",
  "reasoning_effort": "minimal",
  "n_voters": 100,
  "n_statements": 100,
  "valid_count": 20,
  "invalid_count": 80,
  "total_retries": 807,
  "voters_with_retries": 99,
  "retry_distribution": {
    "2": 5,
    "3": 5,
    "4": 3,
    "5": 8,
    "7": 8,
    "6": 14,
    "10": 12,
    "9": 8,
    "12": 11,
    "11": 8,
    "15": 3,
    "14": 3,
    "13": 2,
    "8": 8,
    "1": 1,
    "0": 1
  },
  "api_stats": {
    "count": 1307,
    "avg": 3.3197758423981085,
    "total": 4338.947026014328
  }
}