{
  "winner": "generated",
  "epsilon": 0.1299999999999999,
  "epsilons": [
    0.1299999999999999
  ],
  "statements": [
    "Policing should prioritize public safety while upholding civil rights by adopting evidence-based, transparent practices that minimize harm and build community trust. This means investing in de-escalation training, clear accountability and oversight, and community partnerships so officers can protect people effectively while respecting constitutional guarantees and cultural differences."
  ],
  "is_new": true,
  "n_generations": 1,
  "insertion_positions": [
    47,
    29,
    75,
    45,
    24,
    90,
    16,
    47,
    100,
    1,
    77,
    17,
    69,
    17,
    60,
    65,
    54,
    54,
    12,
    41,
    100,
    79,
    37,
    86,
    47,
    85,
    52,
    52,
    90,
    49,
    70,
    78,
    41,
    24,
    41,
    89,
    70,
    69,
    81,
    34,
    40,
    61,
    35,
    45,
    45,
    49,
    71,
    81,
    61,
    45,
    14,
    24,
    4,
    51,
    26,
    89,
    21,
    77,
    33,
    64,
    43,
    57,
    51,
    100,
    53,
    41,
    33,
    68,
    27,
    32,
    72,
    43,
    59,
    26,
    52,
    15,
    11,
    99,
    55,
    71,
    55,
    40,
    85,
    7,
    39,
    65,
    39,
    51,
    51,
    90,
    59,
    87,
    32,
    48,
    100,
    51,
    56,
    71,
    30,
    32
  ]
}