{
  "winner": "generated",
  "epsilon": 0.06000000000000005,
  "epsilons": [
    0.06000000000000005
  ],
  "statements": [
    "To increase public trust in institutions, leaders should commit to consistent transparency, accountable decision-making, and meaningful public engagement\u2014balancing clear, evidence-based communication with accessible opportunities for community input. This approach recognizes the need for institutional expertise while addressing concerns about integrity and responsiveness, building trust through demonstrated competence, openness about errors, and regular feedback that shapes policies."
  ],
  "is_new": true,
  "n_generations": 1,
  "insertion_positions": [
    40,
    64,
    79,
    32,
    79,
    9,
    59,
    55,
    33,
    37,
    46,
    98,
    6,
    86,
    50,
    77,
    46,
    20,
    6,
    50,
    25,
    53,
    35,
    36,
    68,
    77,
    74,
    55,
    55,
    74,
    42,
    64,
    63,
    71,
    4,
    43,
    4,
    39,
    90,
    38,
    41,
    71,
    3,
    77,
    56,
    46,
    26,
    66,
    46,
    13,
    36,
    31,
    13,
    7,
    31,
    27,
    26,
    83,
    41,
    23,
    44,
    67,
    4,
    97,
    31,
    90,
    18,
    38,
    19,
    0,
    40,
    71,
    50,
    85,
    76,
    39,
    40,
    3,
    54,
    35,
    5,
    26,
    79,
    72,
    41,
    72,
    89,
    4,
    52,
    19,
    21,
    35,
    85,
    62,
    79,
    65,
    88,
    97,
    70,
    77
  ]
}