{
  "0": 0.1100000000000001,
  "4": 0.0,
  "2": 0.020000000000000018,
  "1": 0.030000000000000027,
  "6": 0.0,
  "3": 0.010000000000000009,
  "9": 0.0,
  "5": 0.0,
  "8": 0.0,
  "10": 0.0,
  "14": 0.010000000000000009,
  "12": 0.0,
  "7": 0.0,
  "11": 0.0,
  "18": 0.09000000000000008,
  "17": 0.020000000000000018,
  "16": 0.050000000000000044,
  "19": 0.06000000000000005,
  "20": 0.050000000000000044,
  "13": 0.020000000000000018,
  "15": 0.050000000000000044,
  "22": 0.06000000000000005,
  "24": 0.1200000000000001,
  "21": 0.1100000000000001,
  "29": 0.19999999999999996,
  "26": 0.15999999999999992,
  "27": 0.16999999999999993,
  "25": 0.1499999999999999,
  "32": 0.20999999999999996,
  "23": 0.1100000000000001,
  "28": 0.18999999999999995,
  "30": 0.19999999999999996,
  "33": 0.21999999999999997,
  "39": 0.29000000000000004,
  "40": 0.27,
  "34": 0.20999999999999996,
  "38": 0.27,
  "41": 0.28,
  "35": 0.26,
  "31": 0.18999999999999995,
  "36": 0.27,
  "37": 0.27,
  "44": 0.3500000000000001,
  "42": 0.28,
  "49": 0.3700000000000001,
  "50": 0.4099999999999999,
  "43": 0.3400000000000001,
  "47": 0.3700000000000001,
  "48": 0.3899999999999999,
  "46": 0.3600000000000001,
  "53": 0.43999999999999995,
  "58": 0.48,
  "45": 0.3500000000000001,
  "59": 0.45999999999999996,
  "55": 0.43999999999999995,
  "51": 0.3999999999999999,
  "60": 0.47,
  "52": 0.3999999999999999,
  "56": 0.41999999999999993,
  "54": 0.43999999999999995,
  "62": 0.51,
  "57": 0.44999999999999996,
  "67": 0.55,
  "61": 0.51,
  "63": 0.53,
  "66": 0.55,
  "68": 0.5700000000000001,
  "69": 0.6000000000000001,
  "65": 0.55,
  "64": 0.52,
  "71": 0.6100000000000001,
  "75": 0.6499999999999999,
  "73": 0.6200000000000001,
  "70": 0.5900000000000001,
  "77": 0.6799999999999999,
  "72": 0.6200000000000001,
  "74": 0.6399999999999999,
  "78": 0.69,
  "80": 0.7,
  "79": 0.7,
  "76": 0.6499999999999999,
  "81": 0.72,
  "83": 0.73,
  "87": 0.78,
  "84": 0.75,
  "85": 0.71,
  "88": 0.79,
  "91": 0.8200000000000001,
  "90": 0.76,
  "86": 0.73,
  "94": 0.8200000000000001,
  "82": 0.73,
  "89": 0.78,
  "95": 0.8500000000000001,
  "92": 0.8300000000000001,
  "99": 0.8999999999999999,
  "97": 0.8799999999999999,
  "98": 0.8700000000000001,
  "93": 0.8300000000000001,
  "96": 0.8500000000000001
}