{
  "winner": "generated",
  "epsilon": 0.07000000000000006,
  "epsilons": [
    0.07000000000000006
  ],
  "statements": [
    "We should pursue an approach that safeguards critical ecosystems and public health while enabling sustainable economic opportunities, recognizing that long-term prosperity depends on a healthy environment. By investing in clean technologies, smart regulations, and equitable transition measures for affected workers and communities, we can align growth with conservation and share benefits across society."
  ],
  "is_new": true,
  "n_generations": 1,
  "insertion_positions": [
    88,
    78,
    4,
    24,
    17,
    19,
    49,
    60,
    9,
    8,
    17,
    68,
    95,
    98,
    19,
    94,
    5,
    34,
    1,
    96,
    53,
    78,
    6,
    93,
    76,
    86,
    22,
    6,
    10,
    89,
    79,
    6,
    88,
    21,
    10,
    22,
    1,
    9,
    89,
    5,
    5,
    81,
    10,
    16,
    61,
    27,
    79,
    4,
    89,
    90,
    74,
    19,
    4,
    81,
    11,
    15,
    29,
    11,
    80,
    93,
    6,
    24,
    4,
    6,
    86,
    7,
    17,
    74,
    4,
    13,
    20,
    12,
    11,
    99,
    7,
    13,
    8,
    7,
    82,
    15,
    87,
    33,
    10,
    0,
    78,
    7,
    4,
    73,
    100,
    3,
    99,
    75,
    85,
    68,
    5,
    87,
    3,
    1,
    5,
    17
  ]
}