{
  "12": 0.010000000000000009,
  "1": 0.0,
  "2": 0.020000000000000018,
  "4": 0.0,
  "5": 0.0,
  "11": 0.050000000000000044,
  "3": 0.050000000000000044,
  "0": 0.0,
  "10": 0.22999999999999998,
  "8": 0.0,
  "13": 0.030000000000000027,
  "7": 0.0,
  "6": 0.0,
  "9": 0.0,
  "14": 0.0,
  "17": 0.020000000000000018,
  "16": 0.27,
  "18": 0.0,
  "15": 0.0,
  "20": 0.32000000000000006,
  "21": 0.0,
  "23": 0.0,
  "19": 0.0,
  "24": 0.0,
  "28": 0.020000000000000018,
  "30": 0.0,
  "25": 0.010000000000000009,
  "27": 0.0,
  "26": 0.0,
  "29": 0.0,
  "22": 0.0,
  "31": 0.0,
  "33": 0.1200000000000001,
  "36": 0.030000000000000027,
  "35": 0.0,
  "40": 0.0,
  "37": 0.09000000000000008,
  "39": 0.0,
  "41": 0.0,
  "32": 0.0,
  "45": 0.040000000000000036,
  "42": 0.0,
  "46": 0.29000000000000004,
  "38": 0.0,
  "34": 0.0,
  "44": 0.0,
  "52": 0.32000000000000006,
  "43": 0.0,
  "47": 0.0,
  "56": 0.24,
  "50": 0.030000000000000027,
  "49": 0.0,
  "60": 0.16999999999999993,
  "53": 0.0,
  "48": 0.0,
  "55": 0.010000000000000009,
  "58": 0.020000000000000018,
  "54": 0.0,
  "51": 0.0,
  "57": 0.020000000000000018,
  "64": 0.030000000000000027,
  "59": 0.010000000000000009,
  "65": 0.0,
  "67": 0.0,
  "62": 0.0,
  "71": 0.07000000000000006,
  "61": 0.0,
  "72": 0.0,
  "66": 0.030000000000000027,
  "68": 0.0,
  "63": 0.0,
  "69": 0.0,
  "78": 0.16999999999999993,
  "76": 0.0,
  "70": 0.0,
  "77": 0.26,
  "80": 0.0,
  "84": 0.0,
  "79": 0.0,
  "74": 0.030000000000000027,
  "81": 0.050000000000000044,
  "75": 0.0,
  "86": 0.1100000000000001,
  "73": 0.0,
  "83": 0.010000000000000009,
  "85": 0.050000000000000044,
  "82": 0.0,
  "87": 0.0,
  "89": 0.0,
  "90": 0.0,
  "95": 0.08000000000000007,
  "92": 0.0,
  "97": 0.06000000000000005,
  "94": 0.0,
  "96": 0.0,
  "93": 0.010000000000000009,
  "91": 0.0,
  "88": 0.0,
  "98": 0.0,
  "99": 0.0
}