{
  "winner": "generated",
  "epsilon": 0.08000000000000007,
  "epsilons": [
    0.08000000000000007
  ],
  "statements": [
    "We should pursue an integrated approach that safeguards critical ecosystems and public health while enabling sustainable economic opportunities, recognizing that long-term prosperity depends on healthy natural systems. By investing in clean technologies, efficient resource use, and fair transition policies for affected workers and communities, we can balance conservation goals with growth, honoring both environmental stewardship and the need for livelihoods."
  ],
  "is_new": true,
  "n_generations": 1,
  "insertion_positions": [
    22,
    38,
    86,
    78,
    6,
    48,
    77,
    15,
    81,
    79,
    66,
    92,
    95,
    57,
    30,
    56,
    83,
    18,
    5,
    70,
    19,
    36,
    27,
    27,
    54,
    49,
    18,
    17,
    21,
    79,
    45,
    4,
    44,
    15,
    7,
    90,
    20,
    73,
    74,
    90,
    66,
    21,
    70,
    29,
    65,
    98,
    21,
    80,
    50,
    26,
    78,
    16,
    3,
    13,
    20,
    74,
    12,
    55,
    79,
    51,
    78,
    32,
    74,
    63,
    75,
    87,
    80,
    90,
    15,
    24,
    22,
    74,
    50,
    98,
    80,
    51,
    80,
    78,
    67,
    90,
    25,
    90,
    68,
    21,
    65,
    57,
    72,
    58,
    77,
    58,
    43,
    21,
    27,
    26,
    34,
    22,
    32,
    23,
    16,
    39
  ]
}