{
  "topics": {
    "abortion": {
      "n_tests": 1000,
      "successful_tests": 1000,
      "position_error_mean": -0.988,
      "position_error_std": 16.354444533520546,
      "position_error_median": -1.0,
      "absolute_error_mean": 12.106,
      "absolute_error_std": 11.040324451754124,
      "absolute_error_median": 9.0,
      "borda_score_mean": 0.4956565656565657,
      "per_alternative": {
        "1": {
          "original_epsilon": 0.0,
          "mean_original_position": 52.96,
          "mean_predicted_position": 50.09,
          "mean_position_error": -2.87,
          "std_position_error": 9.917313144193844,
          "mean_borda_score": 0.494040404040404,
          "n_voters": 100
        },
        "7": {
          "original_epsilon": 0.030000000000000027,
          "mean_original_position": 42.33,
          "mean_predicted_position": 48.28,
          "mean_position_error": 5.95,
          "std_position_error": 22.733840414676973,
          "mean_borda_score": 0.5123232323232323,
          "n_voters": 100
        },
        "17": {
          "original_epsilon": 0.19999999999999996,
          "mean_original_position": 56.76,
          "mean_predicted_position": 59.41,
          "mean_position_error": 2.65,
          "std_position_error": 19.066921618342064,
          "mean_borda_score": 0.3998989898989899,
          "n_voters": 100
        },
        "39": {
          "original_epsilon": 0.21999999999999997,
          "mean_original_position": 54.34,
          "mean_predicted_position": 54.41,
          "mean_position_error": 0.07,
          "std_position_error": 15.678810541619539,
          "mean_borda_score": 0.45040404040404025,
          "n_voters": 100
        },
        "41": {
          "original_epsilon": 0.17999999999999994,
          "mean_original_position": 59.42,
          "mean_predicted_position": 56.77,
          "mean_position_error": -2.65,
          "std_position_error": 11.829940828254383,
          "mean_borda_score": 0.42656565656565654,
          "n_voters": 100
        },
        "47": {
          "original_epsilon": 0.0,
          "mean_original_position": 43.85,
          "mean_predicted_position": 37.93,
          "mean_position_error": -5.92,
          "std_position_error": 15.837727109658129,
          "mean_borda_score": 0.6168686868686869,
          "n_voters": 100
        },
        "48": {
          "original_epsilon": 0.0,
          "mean_original_position": 50.01,
          "mean_predicted_position": 51.59,
          "mean_position_error": 1.58,
          "std_position_error": 13.02549807109118,
          "mean_borda_score": 0.47888888888888886,
          "n_voters": 100
        },
        "68": {
          "original_epsilon": 0.19999999999999996,
          "mean_original_position": 53.68,
          "mean_predicted_position": 55.32,
          "mean_position_error": 1.64,
          "std_position_error": 12.583735534411076,
          "mean_borda_score": 0.44121212121212117,
          "n_voters": 100
        },
        "71": {
          "original_epsilon": 0.0,
          "mean_original_position": 41.47,
          "mean_predicted_position": 36.76,
          "mean_position_error": -4.71,
          "std_position_error": 16.36538725481313,
          "mean_borda_score": 0.6286868686868686,
          "n_voters": 100
        },
        "93": {
          "original_epsilon": 0.0,
          "mean_original_position": 54.36,
          "mean_predicted_position": 48.74,
          "mean_position_error": -5.62,
          "std_position_error": 17.932529102165148,
          "mean_borda_score": 0.5076767676767676,
          "n_voters": 100
        }
      }
    },
    "environment": {
      "n_tests": 1000,
      "successful_tests": 1000,
      "position_error_mean": 0.232,
      "position_error_std": 17.93198750836058,
      "position_error_median": 1.0,
      "absolute_error_mean": 13.618,
      "absolute_error_std": 11.668764973209461,
      "absolute_error_median": 10.0,
      "borda_score_mean": 0.5230606060606061,
      "per_alternative": {
        "1": {
          "original_epsilon": 0.010000000000000009,
          "mean_original_position": 37.95,
          "mean_predicted_position": 43.06,
          "mean_position_error": 5.11,
          "std_position_error": 15.506705001385692,
          "mean_borda_score": 0.565050505050505,
          "n_voters": 100
        },
        "7": {
          "original_epsilon": 0.07000000000000006,
          "mean_original_position": 56.53,
          "mean_predicted_position": 56.21,
          "mean_position_error": -0.32,
          "std_position_error": 11.148883352156842,
          "mean_borda_score": 0.43222222222222234,
          "n_voters": 100
        },
        "17": {
          "original_epsilon": 0.0,
          "mean_original_position": 44.12,
          "mean_predicted_position": 39.12,
          "mean_position_error": -5.0,
          "std_position_error": 25.398425148028373,
          "mean_borda_score": 0.6048484848484849,
          "n_voters": 100
        },
        "39": {
          "original_epsilon": 0.0,
          "mean_original_position": 43.88,
          "mean_predicted_position": 46.04,
          "mean_position_error": 2.16,
          "std_position_error": 20.171127881206843,
          "mean_borda_score": 0.534949494949495,
          "n_voters": 100
        },
        "41": {
          "original_epsilon": 0.0,
          "mean_original_position": 40.46,
          "mean_predicted_position": 36.05,
          "mean_position_error": -4.41,
          "std_position_error": 14.009350448896623,
          "mean_borda_score": 0.6358585858585859,
          "n_voters": 100
        },
        "47": {
          "original_epsilon": 0.0,
          "mean_original_position": 36.82,
          "mean_predicted_position": 36.75,
          "mean_position_error": -0.07,
          "std_position_error": 21.051961903822647,
          "mean_borda_score": 0.6287878787878788,
          "n_voters": 100
        },
        "48": {
          "original_epsilon": 0.0,
          "mean_original_position": 44.47,
          "mean_predicted_position": 51.55,
          "mean_position_error": 7.08,
          "std_position_error": 13.08180415691964,
          "mean_borda_score": 0.47929292929292927,
          "n_voters": 100
        },
        "68": {
          "original_epsilon": 0.0,
          "mean_original_position": 41.1,
          "mean_predicted_position": 53.34,
          "mean_position_error": 12.24,
          "std_position_error": 13.81312419404097,
          "mean_borda_score": 0.4612121212121212,
          "n_voters": 100
        },
        "71": {
          "original_epsilon": 0.030000000000000027,
          "mean_original_position": 48.07,
          "mean_predicted_position": 47.35,
          "mean_position_error": -0.72,
          "std_position_error": 10.806553567164697,
          "mean_borda_score": 0.5217171717171717,
          "n_voters": 100
        },
        "93": {
          "original_epsilon": 0.020000000000000018,
          "mean_original_position": 76.45,
          "mean_predicted_position": 62.7,
          "mean_position_error": -13.75,
          "std_position_error": 14.70943574716583,
          "mean_borda_score": 0.36666666666666664,
          "n_voters": 100
        }
      }
    }
  },
  "overall": {
    "total_tests": 2000,
    "position_error_mean": -0.378,
    "position_error_std": 17.172190192284734,
    "position_error_median": 0.0,
    "absolute_error_mean": 12.862,
    "absolute_error_std": 11.38402196062534,
    "absolute_error_median": 10.0
  }
}