{
  "winner": "generated",
  "epsilon": 0.030000000000000027,
  "epsilons": [
    0.030000000000000027
  ],
  "statements": [
    "Sustainable prosperity requires policies that protect critical ecosystems and public health while fostering responsible economic growth through innovation, fair regulation, and targeted investment. By prioritizing cost-effective conservation, clean technology, and support for workers and communities in transition, we can balance environmental stewardship with opportunity so both nature and people flourish."
  ],
  "is_new": true,
  "n_generations": 1,
  "insertion_positions": [
    34,
    20,
    79,
    44,
    6,
    77,
    34,
    28,
    9,
    12,
    29,
    17,
    43,
    19,
    28,
    6,
    51,
    71,
    5,
    15,
    71,
    45,
    47,
    1,
    16,
    46,
    15,
    79,
    28,
    14,
    65,
    31,
    41,
    67,
    88,
    68,
    36,
    52,
    44,
    89,
    18,
    4,
    27,
    78,
    54,
    39,
    17,
    98,
    77,
    12,
    56,
    27,
    6,
    20,
    18,
    20,
    69,
    25,
    77,
    5,
    90,
    26,
    66,
    4,
    10,
    20,
    26,
    29,
    45,
    69,
    17,
    88,
    51,
    46,
    37,
    23,
    42,
    100,
    11,
    44,
    34,
    24,
    31,
    99,
    70,
    51,
    4,
    77,
    14,
    23,
    95,
    86,
    39,
    68,
    43,
    83,
    79,
    79,
    68,
    44
  ]
}