{
  "winner": "generated",
  "epsilon": 0.08000000000000007,
  "epsilons": [
    0.08000000000000007
  ],
  "statements": [
    "We should pursue a balanced approach that protects the environment while enabling sustainable economic growth, recognizing that healthy ecosystems and long-term prosperity are mutually dependent. This means implementing evidence-based regulations, investing in clean technologies and workforce transitions, and using market incentives and targeted support so businesses and communities can adapt without sacrificing ecological integrity."
  ],
  "is_new": true,
  "n_generations": 1,
  "insertion_positions": [
    37,
    95,
    5,
    14,
    37,
    83,
    4,
    50,
    13,
    31,
    9,
    100,
    77,
    85,
    16,
    50,
    100,
    13,
    59,
    34,
    60,
    10,
    55,
    16,
    52,
    45,
    98,
    38,
    38,
    90,
    5,
    68,
    14,
    29,
    70,
    18,
    7,
    18,
    76,
    99,
    47,
    98,
    29,
    16,
    5,
    37,
    18,
    100,
    70,
    79,
    35,
    38,
    26,
    44,
    60,
    40,
    40,
    99,
    19,
    70,
    70,
    31,
    54,
    34,
    26,
    21,
    19,
    60,
    1,
    2,
    36,
    43,
    70,
    91,
    100,
    97,
    10,
    49,
    66,
    44,
    45,
    40,
    33,
    90,
    48,
    100,
    100,
    13,
    25,
    10,
    3,
    17,
    36,
    14,
    87,
    59,
    6,
    49,
    21,
    43
  ]
}