{
  "winner": "generated",
  "epsilon": 0.17999999999999994,
  "epsilons": [
    0.17999999999999994
  ],
  "statements": [
    "To increase the public\u2019s trust in institutions, leaders should commit to transparent decision-making, regular independent oversight, and clear communication that acknowledges uncertainties and trade-offs. By combining stronger accountability measures with meaningful opportunities for public input and improved access to reliable information, institutions can demonstrate competence and responsiveness while respecting diverse perspectives and rights."
  ],
  "is_new": true,
  "n_generations": 1,
  "insertion_positions": [
    86,
    13,
    100,
    11,
    12,
    23,
    39,
    41,
    28,
    65,
    29,
    2,
    92,
    99,
    100,
    0,
    98,
    2,
    73,
    39,
    91,
    12,
    88,
    31,
    46,
    99,
    90,
    5,
    99,
    15,
    77,
    9,
    27,
    87,
    0,
    13,
    36,
    95,
    73,
    19,
    42,
    79,
    13,
    90,
    65,
    100,
    82,
    57,
    79,
    89,
    62,
    95,
    81,
    76,
    71,
    36,
    10,
    15,
    null,
    45,
    98,
    8,
    30,
    4,
    21,
    90,
    89,
    86,
    59,
    49,
    97,
    18,
    54,
    63,
    69,
    56,
    93,
    99,
    40,
    68,
    3,
    83,
    null,
    20,
    87,
    79,
    44,
    12,
    29,
    15,
    98,
    72,
    7,
    null,
    100,
    84,
    85,
    81,
    3,
    59
  ]
}