{
  "winner": "generated",
  "epsilon": 0.020000000000000018,
  "epsilons": [
    0.020000000000000018
  ],
  "statements": [
    "The government should ensure that every person has access to affordable, high-quality basic healthcare services while preserving space for private innovation and choice. By guaranteeing a strong public safety net\u2014covering preventive care, emergency services, and protections against catastrophic costs\u2014and partnering with private providers and insurers to increase efficiency and choice, policymakers can balance equity, fiscal responsibility, and individual freedom."
  ],
  "is_new": true,
  "n_generations": 1,
  "insertion_positions": [
    20,
    24,
    19,
    62,
    7,
    16,
    54,
    10,
    33,
    71,
    19,
    26,
    5,
    39,
    33,
    20,
    26,
    18,
    79,
    90,
    27,
    100,
    22,
    52,
    26,
    66,
    49,
    38,
    77,
    20,
    68,
    6,
    83,
    32,
    4,
    99,
    4,
    17,
    66,
    21,
    19,
    88,
    15,
    89,
    3,
    12,
    14,
    74,
    7,
    81,
    41,
    77,
    39,
    37,
    41,
    75,
    72,
    9,
    15,
    16,
    43,
    26,
    22,
    80,
    10,
    75,
    16,
    55,
    2,
    17,
    22,
    9,
    31,
    17,
    77,
    100,
    48,
    4,
    27,
    98,
    35,
    75,
    11,
    17,
    76,
    14,
    91,
    61,
    33,
    90,
    90,
    94,
    19,
    19,
    16,
    41,
    86,
    20,
    17,
    33
  ]
}