{
  "winner": "generated",
  "epsilon": 0.10000000000000009,
  "epsilons": [
    0.10000000000000009
  ],
  "statements": [
    "Policing should be guided by strategies that equally prioritize public safety and protection of civil rights, using transparent, accountable practices that build community trust. This includes clear rules of engagement, regular independent oversight, bias-aware training, and community partnerships to tailor responses to local needs while ensuring lawful, proportionate use of force and equal treatment for all."
  ],
  "is_new": true,
  "n_generations": 1,
  "insertion_positions": [
    66,
    50,
    67,
    33,
    44,
    68,
    39,
    61,
    75,
    34,
    73,
    80,
    80,
    53,
    36,
    35,
    32,
    32,
    81,
    64,
    13,
    75,
    38,
    1,
    59,
    73,
    54,
    18,
    17,
    38,
    21,
    47,
    60,
    34,
    45,
    72,
    76,
    69,
    81,
    42,
    27,
    26,
    42,
    43,
    50,
    68,
    4,
    25,
    7,
    67,
    44,
    47,
    65,
    37,
    22,
    80,
    89,
    19,
    41,
    71,
    22,
    87,
    48,
    56,
    46,
    48,
    56,
    87,
    59,
    49,
    54,
    38,
    82,
    51,
    4,
    42,
    41,
    10,
    100,
    41,
    76,
    25,
    21,
    72,
    81,
    50,
    72,
    21,
    39,
    44,
    23,
    11,
    42,
    79,
    25,
    80,
    51,
    31,
    23,
    16
  ]
}