{
  "winner": "generated",
  "epsilon": 0.1399999999999999,
  "epsilons": [
    0.1399999999999999
  ],
  "statements": [
    "We should pursue a balanced approach that recognizes long-term economic prosperity depends on a healthy environment, while also allowing thoughtful development that improves living standards. By investing in clean technologies, evidence-based regulations, and targeted support for communities and industries in transition, we can protect critical ecosystems and public health without unduly stifling innovation and job creation."
  ],
  "is_new": true,
  "n_generations": 1,
  "insertion_positions": [
    91,
    58,
    74,
    55,
    22,
    66,
    40,
    82,
    28,
    34,
    40,
    50,
    66,
    37,
    69,
    47,
    57,
    83,
    41,
    44,
    2,
    69,
    29,
    11,
    38,
    71,
    44,
    60,
    47,
    66,
    62,
    39,
    44,
    20,
    48,
    70,
    26,
    75,
    26,
    67,
    73,
    41,
    43,
    26,
    66,
    11,
    31,
    24,
    37,
    44,
    75,
    83,
    20,
    59,
    59,
    73,
    49,
    42,
    84,
    28,
    66,
    54,
    37,
    31,
    47,
    47,
    69,
    67,
    45,
    35,
    73,
    64,
    28,
    69,
    9,
    41,
    13,
    61,
    90,
    89,
    75,
    44,
    80,
    32,
    36,
    43,
    67,
    6,
    44,
    51,
    8,
    63,
    57,
    69,
    72,
    19,
    42,
    39,
    88,
    47
  ]
}